<?xml version="1.0" encoding="UTF-8"?>
<manifest identifier="i40d0ee7ee66f63cd37514c254a8246fb" xmlns="http://www.imsglobal.org/xsd/imsccv1p1/imscp_v1p1" xmlns:lom="http://ltsc.ieee.org/xsd/imsccv1p1/LOM/resource" xmlns:imsmd="http://www.imsglobal.org/xsd/imsmd_v1p2" xmlns:xsi="http://www.w3.org/2001/XMLSchema-instance" xsi:schemaLocation="http://www.imsglobal.org/xsd/imsccv1p1/imscp_v1p1 http://www.imsglobal.org/xsd/imscp_v1p1.xsd http://ltsc.ieee.org/xsd/imsccv1p1/LOM/resource http://www.imsglobal.org/profile/cc/ccv1p1/LOM/ccv1p1_lomresource_v1p0.xsd http://www.imsglobal.org/xsd/imsmd_v1p2 http://www.imsglobal.org/xsd/imsmd_v1p2p2.xsd">
  <metadata>
    <schema>IMS Content</schema>
    <schemaversion>1.1.3</schemaversion>
    <imsmd:lom>
      <imsmd:general>
        <imsmd:title>
          <imsmd:string>QTI Quiz Export for course "gestão tecnológica e econômica "</imsmd:string>
        </imsmd:title>
      </imsmd:general>
      <imsmd:lifeCycle>
        <imsmd:contribute>
          <imsmd:date>
            <imsmd:dateTime>2017-07-16</imsmd:dateTime>
          </imsmd:date>
        </imsmd:contribute>
      </imsmd:lifeCycle>
      <imsmd:rights>
        <imsmd:copyrightAndOtherRestrictions>
          <imsmd:value>yes</imsmd:value>
        </imsmd:copyrightAndOtherRestrictions>
        <imsmd:description>
          <imsmd:string>Private (Copyrighted) - http://en.wikipedia.org/wiki/Copyright</imsmd:string>
        </imsmd:description>
      </imsmd:rights>
    </imsmd:lom>
  </metadata>
  <organizations/>
  <resources>
    <resource identifier="ie7f922d368fa640a0bfd6c6d91b957c3" type="imsqti_xmlv1p2">
      <file href="ie7f922d368fa640a0bfd6c6d91b957c3/ie7f922d368fa640a0bfd6c6d91b957c3.xml"/>
      <dependency identifierref="ic4abb92a4c66a21e6eac36d1319a89b9"/>
    </resource>
    <resource identifier="ic4abb92a4c66a21e6eac36d1319a89b9" type="associatedcontent/imscc_xmlv1p1/learning-application-resource" href="ie7f922d368fa640a0bfd6c6d91b957c3/assessment_meta.xml">
      <file href="ie7f922d368fa640a0bfd6c6d91b957c3/assessment_meta.xml"/>
    </resource>
    <resource identifier="i0b3fc88c3634b02c7a944043cd9f1d99" type="imsqti_xmlv1p2">
      <file href="i0b3fc88c3634b02c7a944043cd9f1d99/i0b3fc88c3634b02c7a944043cd9f1d99.xml"/>
      <dependency identifierref="i322f28c4788118ac37fb6ddcaa45e02c"/>
    </resource>
    <resource identifier="i322f28c4788118ac37fb6ddcaa45e02c" type="associatedcontent/imscc_xmlv1p1/learning-application-resource" href="i0b3fc88c3634b02c7a944043cd9f1d99/assessment_meta.xml">
      <file href="i0b3fc88c3634b02c7a944043cd9f1d99/assessment_meta.xml"/>
    </resource>
    <resource identifier="i4b728a3fbc59a9e823140c419c12d93c" type="imsqti_xmlv1p2">
      <file href="i4b728a3fbc59a9e823140c419c12d93c/i4b728a3fbc59a9e823140c419c12d93c.xml"/>
      <dependency identifierref="i4df685d34c6c9523c862802718e86a5e"/>
    </resource>
    <resource identifier="i4df685d34c6c9523c862802718e86a5e" type="associatedcontent/imscc_xmlv1p1/learning-application-resource" href="i4b728a3fbc59a9e823140c419c12d93c/assessment_meta.xml">
      <file href="i4b728a3fbc59a9e823140c419c12d93c/assessment_meta.xml"/>
    </resource>
    <resource identifier="i9d58a9aa779b6e292472e3dc3c4f4a81" type="imsqti_xmlv1p2">
      <file href="i9d58a9aa779b6e292472e3dc3c4f4a81/i9d58a9aa779b6e292472e3dc3c4f4a81.xml"/>
      <dependency identifierref="i943345295372a2b0b99eed0183f574c1"/>
    </resource>
    <resource identifier="i943345295372a2b0b99eed0183f574c1" type="associatedcontent/imscc_xmlv1p1/learning-application-resource" href="i9d58a9aa779b6e292472e3dc3c4f4a81/assessment_meta.xml">
      <file href="i9d58a9aa779b6e292472e3dc3c4f4a81/assessment_meta.xml"/>
    </resource>
    <resource identifier="i96cfff663e3936c2e34e8722c64c6a59" type="imsqti_xmlv1p2">
      <file href="i96cfff663e3936c2e34e8722c64c6a59/i96cfff663e3936c2e34e8722c64c6a59.xml"/>
      <dependency identifierref="id7508649d417af70e560e334e32a167e"/>
    </resource>
    <resource identifier="id7508649d417af70e560e334e32a167e" type="associatedcontent/imscc_xmlv1p1/learning-application-resource" href="i96cfff663e3936c2e34e8722c64c6a59/assessment_meta.xml">
      <file href="i96cfff663e3936c2e34e8722c64c6a59/assessment_meta.xml"/>
    </resource>
    <resource identifier="i0bd488b703159033e093d7a9c70b3e4e" type="imsqti_xmlv1p2">
      <file href="i0bd488b703159033e093d7a9c70b3e4e/i0bd488b703159033e093d7a9c70b3e4e.xml"/>
      <dependency identifierref="iabcce6abcecb7f3c342fa3f0869e3fd5"/>
    </resource>
    <resource identifier="iabcce6abcecb7f3c342fa3f0869e3fd5" type="associatedcontent/imscc_xmlv1p1/learning-application-resource" href="i0bd488b703159033e093d7a9c70b3e4e/assessment_meta.xml">
      <file href="i0bd488b703159033e093d7a9c70b3e4e/assessment_meta.xml"/>
    </resource>
    <resource identifier="i01100d9ce51b05c6bbedfce9ac1bd97d" type="imsqti_xmlv1p2">
      <file href="i01100d9ce51b05c6bbedfce9ac1bd97d/i01100d9ce51b05c6bbedfce9ac1bd97d.xml"/>
      <dependency identifierref="iae1231011c7354aa5ba36fcd12414f52"/>
    </resource>
    <resource identifier="iae1231011c7354aa5ba36fcd12414f52" type="associatedcontent/imscc_xmlv1p1/learning-application-resource" href="i01100d9ce51b05c6bbedfce9ac1bd97d/assessment_meta.xml">
      <file href="i01100d9ce51b05c6bbedfce9ac1bd97d/assessment_meta.xml"/>
    </resource>
    <resource identifier="ieb8c60ff250e40d51b469178537d1148" type="imsqti_xmlv1p2">
      <file href="ieb8c60ff250e40d51b469178537d1148/ieb8c60ff250e40d51b469178537d1148.xml"/>
      <dependency identifierref="i3edb863919e50b30b0f290dfb1369db5"/>
    </resource>
    <resource identifier="i3edb863919e50b30b0f290dfb1369db5" type="associatedcontent/imscc_xmlv1p1/learning-application-resource" href="ieb8c60ff250e40d51b469178537d1148/assessment_meta.xml">
      <file href="ieb8c60ff250e40d51b469178537d1148/assessment_meta.xml"/>
    </resource>
    <resource identifier="i9bea18d142fad0951bc50f1f86ef1eca" type="imsqti_xmlv1p2">
      <file href="i9bea18d142fad0951bc50f1f86ef1eca/i9bea18d142fad0951bc50f1f86ef1eca.xml"/>
      <dependency identifierref="i2647fae8530c9336f9894697057b34fd"/>
    </resource>
    <resource identifier="i2647fae8530c9336f9894697057b34fd" type="associatedcontent/imscc_xmlv1p1/learning-application-resource" href="i9bea18d142fad0951bc50f1f86ef1eca/assessment_meta.xml">
      <file href="i9bea18d142fad0951bc50f1f86ef1eca/assessment_meta.xml"/>
    </resource>
    <resource identifier="ifebb093170c952317ec1b58d91565ff1" type="webcontent" href="SISTEMA de GESTÃO AMBIENTAL e TECNOLOGIA VERDE.htm">
      <file href="SISTEMA de GESTÃO AMBIENTAL e TECNOLOGIA VERDE.htm"/>
    </resource>
  </resources>
</manifest>
