<?xml version="1.0" encoding="UTF-8"?>
<quiz identifier="i96cfff663e3936c2e34e8722c64c6a59" xmlns="http://canvas.instructure.com/xsd/cccv1p0" xmlns:xsi="http://www.w3.org/2001/XMLSchema-instance" xsi:schemaLocation="http://canvas.instructure.com/xsd/cccv1p0 http://canvas.instructure.com/xsd/cccv1p0.xsd">
  <title>tarefa semana3 :Fluxograma e Projeto </title>
  <description>&lt;p&gt;&lt;a href="http://www.shtyle.fm/photo.do?id=13722483"&gt;http://www.shtyle.fm/photo.do?id=13722483&lt;/a&gt;&lt;/p&gt;
&lt;p&gt;Acesso paea prova em portal shtyle de  reste interativa on line com nota ja corrigidos &lt;/p&gt;
&lt;p&gt;&lt;span&gt;fluxograms.html&lt;/span&gt;&lt;span&gt; (41 KB) &lt;/span&gt;&lt;br&gt;&lt;span&gt;38174116_fluxograms.html&lt;/span&gt;&lt;br&gt;&lt;br&gt;&lt;span&gt;Tarefas relacionadas ao fluxograma.&lt;/span&gt;&lt;br&gt;&lt;br&gt;&lt;/p&gt;
&lt;div class="songrating px320"&gt;
&lt;div class="fleft tleft thirtythree s110"&gt;
&lt;span class="c999 s80"&gt;downloads: &lt;/span&gt;13&lt;/div&gt;
&lt;div class="fleft tcenter thirtythree s110"&gt;&lt;span class="c999 s80"&gt;Notas:&lt;/span&gt;&lt;/div&gt;
&lt;div class="fleft tright thirtythree s110"&gt;&lt;span class="c999 s80"&gt;média:&lt;/span&gt;&lt;/div&gt;
&lt;/div&gt;
&lt;div class="lh10px cleft"&gt; &lt;/div&gt;
&lt;div&gt;
&lt;a href="http://www.shtyle.fm/fserve.do?id=38174116"&gt;Download&lt;/a&gt;    &lt;a href="http://www.shtyle.fm/friendsSendU.do?t=f&amp;amp;id=38174116"&gt;enviar para amigos&lt;/a&gt;
&lt;/div&gt;
&lt;p&gt; &lt;/p&gt;
&lt;p&gt;&lt;a href="http://fs1.shtyle.fm/dynimg/fshr/A4/7D/38174116_fluxograms.html"&gt;http://fs1.shtyle.fm/dynimg/fshr/A4/7D/38174116_fluxograms.html&lt;/a&gt;&lt;/p&gt;</description>
  <due_at>2013-04-07T02:59:00</due_at>
  <shuffle_answers>false</shuffle_answers>
  <scoring_policy>keep_highest</scoring_policy>
  <quiz_type>assignment</quiz_type>
  <points_possible>3.0</points_possible>
  <require_lockdown_browser>false</require_lockdown_browser>
  <require_lockdown_browser_for_results>false</require_lockdown_browser_for_results>
  <require_lockdown_browser_monitor>false</require_lockdown_browser_monitor>
  <lockdown_browser_monitor_data/>
  <show_correct_answers>true</show_correct_answers>
  <anonymous_submissions>false</anonymous_submissions>
  <could_be_locked>false</could_be_locked>
  <allowed_attempts>-1</allowed_attempts>
  <one_question_at_a_time>false</one_question_at_a_time>
  <cant_go_back>false</cant_go_back>
  <available>true</available>
  <one_time_results>false</one_time_results>
  <show_correct_answers_last_attempt>false</show_correct_answers_last_attempt>
  <only_visible_to_overrides>false</only_visible_to_overrides>
  <module_locked>false</module_locked>
  <assignment identifier="i8bc9a45cfdc935650d45e7bd45066d4c">
    <title>tarefa semana3 :Fluxograma e Projeto </title>
    <due_at>2013-04-07T02:59:00</due_at>
    <lock_at/>
    <unlock_at/>
    <module_locked>false</module_locked>
    <all_day_date>2013-04-06</all_day_date>
    <peer_reviews_due_at>2013-04-07T02:59:00</peer_reviews_due_at>
    <workflow_state>published</workflow_state>
    <assignment_overrides>
    </assignment_overrides>
    <quiz_identifierref>i96cfff663e3936c2e34e8722c64c6a59</quiz_identifierref>
    <has_group_category>false</has_group_category>
    <points_possible>3.0</points_possible>
    <grading_type>points</grading_type>
    <all_day>false</all_day>
    <submission_types>online_quiz</submission_types>
    <position>2</position>
    <turnitin_enabled>false</turnitin_enabled>
    <vericite_enabled>false</vericite_enabled>
    <peer_review_count>0</peer_review_count>
    <peer_reviews>false</peer_reviews>
    <automatic_peer_reviews>false</automatic_peer_reviews>
    <moderated_grading>false</moderated_grading>
    <anonymous_peer_reviews>false</anonymous_peer_reviews>
    <grade_group_students_individually>false</grade_group_students_individually>
    <freeze_on_copy>false</freeze_on_copy>
    <muted>true</muted>
    <omit_from_final_grade>false</omit_from_final_grade>
    <intra_group_peer_reviews>false</intra_group_peer_reviews>
    <only_visible_to_overrides>false</only_visible_to_overrides>
  </assignment>
  <assignment_group_identifierref>if4c6c26fe577dc33ed5726b846278039</assignment_group_identifierref>
  <assignment_overrides>
  </assignment_overrides>
</quiz>
