<?xml version="1.0" encoding="UTF-8"?>
<questestinterop xmlns="http://www.imsglobal.org/xsd/ims_qtiasiv1p2" xmlns:xsi="http://www.w3.org/2001/XMLSchema-instance" xsi:schemaLocation="http://www.imsglobal.org/xsd/ims_qtiasiv1p2 http://www.imsglobal.org/xsd/ims_qtiasiv1p2p1.xsd">
  <assessment ident="i96cfff663e3936c2e34e8722c64c6a59" title="tarefa semana3 :Fluxograma e Projeto ">
    <qtimetadata>
      <qtimetadatafield>
        <fieldlabel>cc_maxattempts</fieldlabel>
        <fieldentry>unlimited</fieldentry>
      </qtimetadatafield>
    </qtimetadata>
    <section ident="root_section">
      <item ident="i39a85cdeca7194bfb45720440c21fced" title="Pergunta1">
        <itemmetadata>
          <qtimetadata>
            <qtimetadatafield>
              <fieldlabel>question_type</fieldlabel>
              <fieldentry>essay_question</fieldentry>
            </qtimetadatafield>
            <qtimetadatafield>
              <fieldlabel>points_possible</fieldlabel>
              <fieldentry>1.0</fieldentry>
            </qtimetadatafield>
            <qtimetadatafield>
              <fieldlabel>assessment_question_identifierref</fieldlabel>
              <fieldentry>i16286c8b500638de5fabc9b921807214</fieldentry>
            </qtimetadatafield>
          </qtimetadata>
        </itemmetadata>
        <presentation>
          <material>
            <mattext texttype="text/html">&lt;div&gt;
&lt;p&gt;&lt;span&gt;Para desenvolvimento do projeto industrial, faz-se necessário o uso dos fluxogramas para descrever diversas &lt;/span&gt;&lt;span id="GapSpan0" class="GapSpan"&gt;&lt;/span&gt;&lt;span&gt; da &lt;/span&gt;&lt;span id="GapSpan1" class="GapSpan"&gt;&lt;/span&gt;&lt;span&gt; de um projeto; Na etapa ou fase inicial do projeto, podemos usar o fluxograma de bloco, onde todos os elementos do sistema são representados por blocos. No contexto da elaboração do projeto, os elementos de entrada e saída dos fluxos de correntes são representadas pelas &lt;/span&gt;&lt;span id="GapSpan2" class="GapSpan"&gt;&lt;/span&gt;&lt;span&gt;, e o bloco representa o processo ou &lt;/span&gt;&lt;span id="GapSpan3" class="GapSpan"&gt;&lt;/span&gt;&lt;span&gt; principal do projeto. Nesta etapa inicial, também se faz necessário o uso de outro fluxograma com mais informações sobre os componentes e a composição &lt;/span&gt;&lt;span id="GapSpan4" class="GapSpan"&gt;&lt;/span&gt;&lt;span&gt; de cada corrente dos processos ou equipamentos para saber que são efluentes, resíduos, subprodutos ou co-produtos. As plantas-pilotos são desenhadas e executadas após estudo em laboratórios para obter mais informações sobre diversas correntes, &lt;/span&gt;&lt;span id="GapSpan5" class="GapSpan"&gt;&lt;/span&gt;&lt;span&gt; das correntes, equipamentos, redimento real do processo e perdas.&lt;/span&gt;&lt;/p&gt;
&lt;p&gt;&lt;span&gt;Apos feita de pratica de leituras e esudo  de conteudo de link acima , listas de apsotilhas  disponivel em sigga &lt;/span&gt;&lt;/p&gt;
&lt;p&gt;&lt;span&gt;  Lista as &lt;a href="http://fs1.shtyle.fm/dynimg/fshr/A4/7D/38174116_fluxograms.html"&gt;palavras certa para  lacunas  ac&lt;/a&gt;imas que faltava no texto  , com seu justifica escolha escrita em baixos   alernado paginas  de link&lt;/span&gt;&lt;/p&gt;
&lt;p&gt;&lt;a href="http://fs1.shtyle.fm/dynimg/fshr/A4/7D/38174116_fluxograms.html"&gt;http://fs1.shtyle.fm/dynimg/fshr/A4/7D/38174116_fluxograms.html&lt;/a&gt;&lt;/p&gt;
&lt;p&gt; &lt;/p&gt;
&lt;/div&gt;</mattext>
          </material>
          <response_str ident="response1" rcardinality="Single">
            <render_fib>
              <response_label ident="answer1" rshuffle="No"/>
            </render_fib>
          </response_str>
        </presentation>
        <resprocessing>
          <outcomes>
            <decvar maxvalue="100" minvalue="0" varname="SCORE" vartype="Decimal"/>
          </outcomes>
          <respcondition continue="No">
            <conditionvar>
              <other/>
            </conditionvar>
          </respcondition>
        </resprocessing>
      </item>
      <item ident="ia89afc770321fa6dfdbf9e4340a6d347" title="Pergunta2">
        <itemmetadata>
          <qtimetadata>
            <qtimetadatafield>
              <fieldlabel>question_type</fieldlabel>
              <fieldentry>essay_question</fieldentry>
            </qtimetadatafield>
            <qtimetadatafield>
              <fieldlabel>points_possible</fieldlabel>
              <fieldentry>1.0</fieldentry>
            </qtimetadatafield>
            <qtimetadatafield>
              <fieldlabel>assessment_question_identifierref</fieldlabel>
              <fieldentry>ia4e4b6a0cecb4b2f52a4435d112bcb6a</fieldentry>
            </qtimetadatafield>
          </qtimetadata>
        </itemmetadata>
        <presentation>
          <material>
            <mattext texttype="text/html">&lt;div&gt;
&lt;p&gt; &lt;/p&gt;
&lt;p&gt;&lt;span&gt;No fluxograma desenvolvido para descrever sobre o fluxo do material, a seta representa o &lt;/span&gt;&lt;span id="GapSpan6" class="GapSpan"&gt;&lt;/span&gt;&lt;span&gt;, e o bloco ou círculo representa o &lt;/span&gt;&lt;span id="GapSpan7" class="GapSpan"&gt;&lt;/span&gt;&lt;span&gt; . Após esta etapa inicial de síntese e análise de centenas de projetos básicos, a equipe de engenharia desenvolve projetos &lt;/span&gt;&lt;span id="GapSpan8" class="GapSpan"&gt;&lt;/span&gt;&lt;span&gt; elaborado com no mínimo três &lt;/span&gt;&lt;/p&gt;
&lt;p&gt;&lt;span&gt;rotas de uso de energia &lt;/span&gt;&lt;span id="GapSpan9" class="GapSpan"&gt;&lt;/span&gt;&lt;span&gt; e produção mais &lt;/span&gt;&lt;span id="GapSpan10" class="GapSpan"&gt;&lt;/span&gt;&lt;span&gt;. Para síntese e análise de três projetos preliminares usa-se o fluxograma de processo onde se dá ênfase sobre os equipamentos visando selecionar somente um projeto para estudo de engenharia básica e detalhada. Esta analise é feita com base no estudo de viabilidade econômica preliminar, usando como via o potencial econômico.&lt;/span&gt;&lt;br&gt;&lt;br&gt;&lt;span&gt;O fluxograma de processo na fase de planejamento de projeto não deve ser representado simplesmente por blocos, mas sim por símbolos apropriados e específicos para cada &lt;/span&gt;&lt;span id="GapSpan11" class="GapSpan"&gt;&lt;/span&gt;&lt;span&gt; do processo. Ainda mais precisa deve se desenvolver o fluxograma de engenharia com detalhes de tubulação de água, vapor, ar e instalações elétricas em 3D, que tem como &lt;/span&gt;&lt;span id="GapSpan12" class="GapSpan"&gt;&lt;/span&gt;&lt;span&gt; o financiamento e o estudo da viabilidade técnica e economica detalhadas.&lt;/span&gt; &lt;/p&gt;
&lt;p&gt; &lt;span style="font-size: 13px; line-height: 1.5;"&gt;Apos feita de pratica de leituras e esudo  de conteudo de link acima , listas de apsotilhas  disponivel em sigga &lt;/span&gt;&lt;/p&gt;
&lt;p&gt;&lt;span&gt;  Lista as palavras certa para  lacunas  acimas que faltava no texto  , com seu justifica escolha escrita em baixos &lt;/span&gt;&lt;/p&gt;
&lt;p&gt;&lt;span&gt;&lt;a href="http://fs1.shtyle.fm/dynimg/fshr/A4/7D/38174116_fluxograms.html"&gt;http://fs1.shtyle.fm/dynimg/fshr/A4/7D/38174116_fluxograms.html&lt;/a&gt;&lt;/span&gt;&lt;/p&gt;
&lt;/div&gt;</mattext>
          </material>
          <response_str ident="response1" rcardinality="Single">
            <render_fib>
              <response_label ident="answer1" rshuffle="No"/>
            </render_fib>
          </response_str>
        </presentation>
        <resprocessing>
          <outcomes>
            <decvar maxvalue="100" minvalue="0" varname="SCORE" vartype="Decimal"/>
          </outcomes>
          <respcondition continue="No">
            <conditionvar>
              <other/>
            </conditionvar>
          </respcondition>
        </resprocessing>
      </item>
      <item ident="i4c0628851b5c4f02ec5c09e893ab83b1" title="Pergunta03">
        <itemmetadata>
          <qtimetadata>
            <qtimetadatafield>
              <fieldlabel>question_type</fieldlabel>
              <fieldentry>essay_question</fieldentry>
            </qtimetadatafield>
            <qtimetadatafield>
              <fieldlabel>points_possible</fieldlabel>
              <fieldentry>1.0</fieldentry>
            </qtimetadatafield>
            <qtimetadatafield>
              <fieldlabel>assessment_question_identifierref</fieldlabel>
              <fieldentry>ib40fe75c070c48e254494d6f8a7830cf</fieldentry>
            </qtimetadatafield>
          </qtimetadata>
        </itemmetadata>
        <presentation>
          <material>
            <mattext texttype="text/html">&lt;div&gt;
&lt;p&gt; &lt;/p&gt;
&lt;div id="ClozeDiv"&gt;
&lt;div class="ClozeBody"&gt;Na fase &lt;span id="GapSpan13" class="GapSpan"&gt;&lt;/span&gt; do projeto é a operação, que é executada após o projeto de orçamento e do projeto de &lt;span id="GapSpan14" class="GapSpan"&gt;&lt;/span&gt; detalhado. Na elaboração do fluxograma desta fase final ou de operação, o elemento de entrada e saída não requer símbolos ou legendas, mas na maioria das operações e processos são representados por circulos excluindo o transporte que tem seu &lt;span id="GapSpan15" class="GapSpan"&gt;&lt;/span&gt; específico. Para a etapa de fila ou espera, utiliza-se como legenda retângulos; para armazenamento e estoque, usa se o triângulo; Estas &lt;span id="GapSpan16" class="GapSpan"&gt;&lt;/span&gt; etapas correspondem as operações de projetos apresentadas através de símbolos específicos, facilitando tanto na análise do projeto de &lt;span id="GapSpan17" class="GapSpan"&gt;&lt;/span&gt; industrial e como na &lt;span id="GapSpan18" class="GapSpan"&gt;&lt;/span&gt;.&lt;br&gt;&lt;br&gt;O sistema de gestão &lt;span id="GapSpan19" class="GapSpan"&gt;&lt;/span&gt; às vezes é conhecido com a sigla de abreviação de Certificação internacional ISO 14000 de qualidade ambiental, que requer todos, menos fluxogramas de &lt;span id="GapSpan20" class="GapSpan"&gt;&lt;/span&gt;
&lt;/div&gt;
&lt;/div&gt;
&lt;p&gt; &lt;/p&gt;
&lt;p&gt; &lt;span style="font-size: 13px; line-height: 1.5;"&gt;Apos feita de pratica de leituras e esudo  de conteudo de link acima , listas de &lt;/span&gt;&lt;span style="font-size: 13px; line-height: 1.5;"&gt;apostilhas&lt;/span&gt;&lt;span style="font-size: 13px; line-height: 1.5;"&gt;  disponivel em sigga &lt;/span&gt;&lt;/p&gt;
&lt;p&gt;&lt;span&gt;  Lista as palavras certa para  lacunas  acimas que faltava no texto  , com seu justifica escolha escrita em baixos &lt;/span&gt;&lt;/p&gt;
&lt;p&gt;&lt;a href="http://fs1.shtyle.fm/dynimg/fshr/A4/7D/38174116_fluxograms.html"&gt;&lt;span&gt;http://fs1.shtyle.fm/dynimg/fshr/A4/7D/38174116_fluxograms.html&lt;/span&gt;&lt;/a&gt;&lt;/p&gt;
&lt;/div&gt;</mattext>
          </material>
          <response_str ident="response1" rcardinality="Single">
            <render_fib>
              <response_label ident="answer1" rshuffle="No"/>
            </render_fib>
          </response_str>
        </presentation>
        <resprocessing>
          <outcomes>
            <decvar maxvalue="100" minvalue="0" varname="SCORE" vartype="Decimal"/>
          </outcomes>
          <respcondition continue="No">
            <conditionvar>
              <other/>
            </conditionvar>
          </respcondition>
        </resprocessing>
      </item>
    </section>
  </assessment>
</questestinterop>
