<?xml version="1.0" encoding="UTF-8"?>
<quiz identifier="i0b3fc88c3634b02c7a944043cd9f1d99" xmlns="http://canvas.instructure.com/xsd/cccv1p0" xmlns:xsi="http://www.w3.org/2001/XMLSchema-instance" xsi:schemaLocation="http://canvas.instructure.com/xsd/cccv1p0 http://canvas.instructure.com/xsd/cccv1p0.xsd">
  <title> Tarefa 4 :Sintese e Analise  de GT biorefinaria</title>
  <description>&lt;p&gt;    Passo  por Passo de Fluxo de trabalho de  GT para deselvimento de ideas , projeto  primiminar  e desenho industrial de innovacao &lt;/p&gt;
&lt;p&gt;Recursos e Roteiros de elaboracao de projeto e plano de negocios &lt;/p&gt;
&lt;p&gt;&lt;a href="https://docs.google.com/a/biomassa.eq.ufrn.br/spreadsheet/ccc?key=0AuQIzc4nqMvKdGZhNXd1azBjejFSY19FcmplWm5Ua3c#gid=0"&gt;https://docs.google.com/a/biomassa.eq.ufrn.br/spreadsheet/ccc?key=0AuQIzc4nqMvKdGZhNXd1azBjejFSY19FcmplWm5Ua3c#gid=0&lt;/a&gt;&lt;/p&gt;
&lt;p&gt; &lt;/p&gt;
&lt;p&gt;&lt;strong&gt;Fluxo de trabalho para elaboracao de projeto  de inovacao technologica  de idea para desenho  industrial e Inovacao &lt;/strong&gt;&lt;/p&gt;
&lt;p&gt;         &lt;strong&gt; &lt;a href="https://docs.google.com/drawings/d/1Os5C5rNO9TIzuXp3brxqqTqDgsGRIiW03BlvNdPEPC8/edit"&gt;https://docs.google.com/drawings/d/1Os5C5rNO9TIzuXp3brxqqTqDgsGRIiW03BlvNdPEPC8/edit&lt;/a&gt;&lt;/strong&gt;&lt;/p&gt;
&lt;p&gt;&lt;strong&gt;Modelo de fluxograma desejados e dados esperados sobre projeto de biorefinaria:Projeto de Analise fluxograma , consumo de aqua , energia e residuos &lt;/strong&gt;&lt;/p&gt;
&lt;p&gt;&lt;strong&gt;&lt;a href="http://egon.cheme.cmu.edu/esi/docs/pdf/ESI_Grossmann.pdf"&gt;http://egon.cheme.cmu.edu/esi/docs/pdf/ESI_Grossmann.pdf&lt;/a&gt;&lt;/strong&gt;&lt;/p&gt;
&lt;p&gt;&lt;strong&gt;&lt;span&gt;Trabalho COLABORATIVO - O Brasil Biorefinaria está introduzindo o conceito de "Inovação através de desafios de desenho industrial de produtos " para solucionar as organizações que operam dentro do universo das biorrefinarias de produto de 1a , 2a , 3a geracao. Dependendo dos desafios necessidade  ou demanda  tecnologia para produto e processos pode ser usado para encontrar novas ideias, soluções de tecnologia, protótipos e até mesmo parceiros perfeito.Mas, para iniciar suas atividades da equipe  de GT própria Biorefinaria Brasil  bom grupo busca  um problema técnico e que  pode buscar recuros R $ 1.000,00 (mil dólares) para o problema mais desafiador e innovaco de desenho industrial , plano de econegcocios e  enegia limpas , se for necessario pagara quem da ideas de innovacao  e pagar  como investimentos &lt;/span&gt;&lt;/strong&gt;&lt;/p&gt;
&lt;p&gt;&lt;strong&gt;&lt;br&gt;&lt;span&gt;O problema pode ser identificado em qualquer fase da cadeia de produção, ou seja, desde a obtenção de biomassa, através dos processos de fabrico para a distribuição de produtos. Lembrando que a biomassa pode ser de cana de açúcar, sementes oleaginosas, madeira, resíduos agro, algas e outras fontes renováveis ​​de carbono.&lt;/span&gt;&lt;br&gt;&lt;span&gt;Para escolher o vencedor, vamos avaliar se o problema foi bem definido através das respostas do formulário, e impactos gerados se o problema é resolvido no futuro.O objetivo de lançar este desafio, pretende-se realizar uma vez por ano para avaliar os problemas enfrentados no desenvolvimento de biorrefinarias e, se necessário para montar um "time dos sonhos" para resolver o problema de campeão com o objetivo de lançar um produto ou serviço inovador&lt;/span&gt;&lt;/strong&gt;&lt;/p&gt;
&lt;p&gt;&lt;strong&gt;&lt;span&gt; &lt;/span&gt;&lt;/strong&gt;&lt;/p&gt;</description>
  <lock_at>2013-04-07T02:59:00</lock_at>
  <unlock_at>2013-03-31T03:00:00</unlock_at>
  <due_at>2013-04-04T02:59:00</due_at>
  <shuffle_answers>false</shuffle_answers>
  <scoring_policy>keep_highest</scoring_policy>
  <quiz_type>assignment</quiz_type>
  <points_possible>9.0</points_possible>
  <require_lockdown_browser>false</require_lockdown_browser>
  <require_lockdown_browser_for_results>false</require_lockdown_browser_for_results>
  <require_lockdown_browser_monitor>false</require_lockdown_browser_monitor>
  <lockdown_browser_monitor_data/>
  <show_correct_answers>true</show_correct_answers>
  <anonymous_submissions>false</anonymous_submissions>
  <could_be_locked>false</could_be_locked>
  <allowed_attempts>1</allowed_attempts>
  <one_question_at_a_time>true</one_question_at_a_time>
  <cant_go_back>false</cant_go_back>
  <available>true</available>
  <one_time_results>false</one_time_results>
  <show_correct_answers_last_attempt>false</show_correct_answers_last_attempt>
  <only_visible_to_overrides>false</only_visible_to_overrides>
  <module_locked>false</module_locked>
  <assignment identifier="ib0f1e43d8bed7e3f334d4f8e77cf62d8">
    <title> Tarefa 4 :Sintese e Analise  de GT biorefinaria</title>
    <due_at>2013-04-04T02:59:00</due_at>
    <lock_at>2013-04-07T02:59:00</lock_at>
    <unlock_at>2013-03-31T03:00:00</unlock_at>
    <module_locked>false</module_locked>
    <all_day_date>2013-04-03</all_day_date>
    <peer_reviews_due_at>2013-04-25T02:59:59</peer_reviews_due_at>
    <workflow_state>published</workflow_state>
    <assignment_overrides>
    </assignment_overrides>
    <quiz_identifierref>i0b3fc88c3634b02c7a944043cd9f1d99</quiz_identifierref>
    <has_group_category>false</has_group_category>
    <points_possible>9.0</points_possible>
    <grading_type>points</grading_type>
    <all_day>true</all_day>
    <submission_types>online_quiz</submission_types>
    <position>3</position>
    <turnitin_enabled>false</turnitin_enabled>
    <vericite_enabled>false</vericite_enabled>
    <peer_review_count>0</peer_review_count>
    <peer_reviews>false</peer_reviews>
    <automatic_peer_reviews>false</automatic_peer_reviews>
    <moderated_grading>false</moderated_grading>
    <anonymous_peer_reviews>false</anonymous_peer_reviews>
    <grade_group_students_individually>false</grade_group_students_individually>
    <freeze_on_copy>false</freeze_on_copy>
    <muted>true</muted>
    <omit_from_final_grade>false</omit_from_final_grade>
    <intra_group_peer_reviews>false</intra_group_peer_reviews>
    <only_visible_to_overrides>false</only_visible_to_overrides>
  </assignment>
  <assignment_group_identifierref>if4c6c26fe577dc33ed5726b846278039</assignment_group_identifierref>
  <assignment_overrides>
  </assignment_overrides>
</quiz>
