<?xml version="1.0" encoding="UTF-8"?>
<questestinterop xmlns="http://www.imsglobal.org/xsd/ims_qtiasiv1p2" xmlns:xsi="http://www.w3.org/2001/XMLSchema-instance" xsi:schemaLocation="http://www.imsglobal.org/xsd/ims_qtiasiv1p2 http://www.imsglobal.org/xsd/ims_qtiasiv1p2p1.xsd">
  <assessment ident="i0b3fc88c3634b02c7a944043cd9f1d99" title=" Tarefa 4 :Sintese e Analise  de GT biorefinaria">
    <qtimetadata>
      <qtimetadatafield>
        <fieldlabel>cc_maxattempts</fieldlabel>
        <fieldentry>1</fieldentry>
      </qtimetadatafield>
    </qtimetadata>
    <section ident="root_section">
      <item ident="i86b8dd6e82bf8ab56c5c1baac39311ec" title="Paso01">
        <itemmetadata>
          <qtimetadata>
            <qtimetadatafield>
              <fieldlabel>question_type</fieldlabel>
              <fieldentry>essay_question</fieldentry>
            </qtimetadatafield>
            <qtimetadatafield>
              <fieldlabel>points_possible</fieldlabel>
              <fieldentry>2.0</fieldentry>
            </qtimetadatafield>
            <qtimetadatafield>
              <fieldlabel>assessment_question_identifierref</fieldlabel>
              <fieldentry>i727c14bfc819a79a0b9ad7f773b2eb6f</fieldentry>
            </qtimetadatafield>
          </qtimetadata>
        </itemmetadata>
        <presentation>
          <material>
            <mattext texttype="text/html">&lt;div&gt;
&lt;div class="ss-q-title"&gt;1 - O que é uma necessidade básica que não está sendo atendida, demanda atual e future &lt;/div&gt;
&lt;div class="ss-q-help ss-secondary-text"&gt;Este é o problema essencial, de forma clara e concisa.&lt;/div&gt;
&lt;/div&gt;</mattext>
          </material>
          <response_str ident="response1" rcardinality="Single">
            <render_fib>
              <response_label ident="answer1" rshuffle="No"/>
            </render_fib>
          </response_str>
        </presentation>
        <resprocessing>
          <outcomes>
            <decvar maxvalue="100" minvalue="0" varname="SCORE" vartype="Decimal"/>
          </outcomes>
          <respcondition continue="No">
            <conditionvar>
              <other/>
            </conditionvar>
          </respcondition>
        </resprocessing>
      </item>
      <item ident="ifed4f3d7187009603149093b0d331f74" title="Passo 02">
        <itemmetadata>
          <qtimetadata>
            <qtimetadatafield>
              <fieldlabel>question_type</fieldlabel>
              <fieldentry>essay_question</fieldentry>
            </qtimetadatafield>
            <qtimetadatafield>
              <fieldlabel>points_possible</fieldlabel>
              <fieldentry>2.0</fieldentry>
            </qtimetadatafield>
            <qtimetadatafield>
              <fieldlabel>assessment_question_identifierref</fieldlabel>
              <fieldentry>i482d552372bbde5b0b01a3808b44edf4</fieldentry>
            </qtimetadatafield>
          </qtimetadata>
        </itemmetadata>
        <presentation>
          <material>
            <mattext texttype="text/html">&lt;div&gt;
&lt;div class="ss-q-title"&gt;2 - Qual é o resultado desejado de uma solução?&lt;/div&gt;
&lt;div class="ss-q-help ss-secondary-text"&gt;Sempre que possível este deve ser abordada de forma qualitativa e quantitativa. Por exemplo, "melhorar a métrica% XYZ em meses. de trabalho , sabendo  , oque temos em  mercado , de marca , patente , desenho industrial , teses phd e artigos &lt;/div&gt;
&lt;/div&gt;</mattext>
          </material>
          <response_str ident="response1" rcardinality="Single">
            <render_fib>
              <response_label ident="answer1" rshuffle="No"/>
            </render_fib>
          </response_str>
        </presentation>
        <resprocessing>
          <outcomes>
            <decvar maxvalue="100" minvalue="0" varname="SCORE" vartype="Decimal"/>
          </outcomes>
          <respcondition continue="No">
            <conditionvar>
              <other/>
            </conditionvar>
          </respcondition>
        </resprocessing>
      </item>
      <item ident="i53d13d78210d5649de5d3c1946b7ef09" title="Passo 03">
        <itemmetadata>
          <qtimetadata>
            <qtimetadatafield>
              <fieldlabel>question_type</fieldlabel>
              <fieldentry>essay_question</fieldentry>
            </qtimetadatafield>
            <qtimetadatafield>
              <fieldlabel>points_possible</fieldlabel>
              <fieldentry>1.0</fieldentry>
            </qtimetadatafield>
            <qtimetadatafield>
              <fieldlabel>assessment_question_identifierref</fieldlabel>
              <fieldentry>ic592c76a56bb1310228d6146a56509a3</fieldentry>
            </qtimetadatafield>
          </qtimetadata>
        </itemmetadata>
        <presentation>
          <material>
            <mattext texttype="text/html">&lt;div&gt;
&lt;div class="ss-q-title"&gt;3 - Quem irá beneficiar e por quê?&lt;/div&gt;
&lt;div class="ss-q-help ss-secondary-text"&gt;Identificar todos os clientes em potencial e beneficiário&lt;/div&gt;
&lt;div class="ss-q-help ss-secondary-text"&gt;Analise  de clinetes e mercados , No caso de biorefinarios &lt;/div&gt;
&lt;div class="ss-q-help ss-secondary-text"&gt;como produto de pode applicadso em setor de uso&lt;/div&gt;
&lt;div class="ss-q-help ss-secondary-text"&gt;Biocombustivel liquido , gas , solidos &lt;/div&gt;
&lt;div class="ss-q-help ss-secondary-text"&gt;Producao de energia energia eletricas &lt;/div&gt;
&lt;div class="ss-q-help ss-secondary-text"&gt;Producao de vapour  para caldeira  como combustivel &lt;/div&gt;
&lt;div class="ss-q-help ss-secondary-text"&gt; &lt;/div&gt;
&lt;div class="ss-q-help ss-secondary-text"&gt;Producao de cogercao de energias (Energia eletrica e  Vapour) ou trigeracao (Frio , calor , energia eletrica )&lt;/div&gt;
&lt;/div&gt;</mattext>
          </material>
          <response_str ident="response1" rcardinality="Single">
            <render_fib>
              <response_label ident="answer1" rshuffle="No"/>
            </render_fib>
          </response_str>
        </presentation>
        <resprocessing>
          <outcomes>
            <decvar maxvalue="100" minvalue="0" varname="SCORE" vartype="Decimal"/>
          </outcomes>
          <respcondition continue="No">
            <conditionvar>
              <other/>
            </conditionvar>
          </respcondition>
        </resprocessing>
      </item>
      <item ident="iaf88fb1d2c7b581157259e220a272292" title="Passo 04">
        <itemmetadata>
          <qtimetadata>
            <qtimetadatafield>
              <fieldlabel>question_type</fieldlabel>
              <fieldentry>essay_question</fieldentry>
            </qtimetadatafield>
            <qtimetadatafield>
              <fieldlabel>points_possible</fieldlabel>
              <fieldentry>2.0</fieldentry>
            </qtimetadatafield>
            <qtimetadatafield>
              <fieldlabel>assessment_question_identifierref</fieldlabel>
              <fieldentry>iefa6b2cf83dadcc504df4c61f3cfd1d2</fieldentry>
            </qtimetadatafield>
          </qtimetadata>
        </itemmetadata>
        <presentation>
          <material>
            <mattext texttype="text/html">&lt;div&gt;
&lt;div class="ss-q-title"&gt;4 - Qual abordagens têm sido tentadas para resolver o problema? Por que não responder às necessidades?&lt;/div&gt;
&lt;div class="ss-q-help ss-secondary-text"&gt;Objetivo aqui é evitar a busca de soluções que têm sido tentadas e fracassaram de marca , patentes , desenho industrial , artigos , tese de innovacao de phds.&lt;/div&gt;
&lt;p&gt; &lt;/p&gt;
&lt;/div&gt;</mattext>
          </material>
          <response_str ident="response1" rcardinality="Single">
            <render_fib>
              <response_label ident="answer1" rshuffle="No"/>
            </render_fib>
          </response_str>
        </presentation>
        <resprocessing>
          <outcomes>
            <decvar maxvalue="100" minvalue="0" varname="SCORE" vartype="Decimal"/>
          </outcomes>
          <respcondition continue="No">
            <conditionvar>
              <other/>
            </conditionvar>
          </respcondition>
        </resprocessing>
      </item>
      <item ident="if4844ea644698624c113b73db2aa91bd" title="Passo 05">
        <itemmetadata>
          <qtimetadata>
            <qtimetadatafield>
              <fieldlabel>question_type</fieldlabel>
              <fieldentry>essay_question</fieldentry>
            </qtimetadatafield>
            <qtimetadatafield>
              <fieldlabel>points_possible</fieldlabel>
              <fieldentry>2.0</fieldentry>
            </qtimetadatafield>
            <qtimetadatafield>
              <fieldlabel>assessment_question_identifierref</fieldlabel>
              <fieldentry>id5e17dc98f91a23e01c9273c7358aa29</fieldentry>
            </qtimetadatafield>
          </qtimetadata>
        </itemmetadata>
        <presentation>
          <material>
            <mattext texttype="text/html">&lt;div&gt;
&lt;div class="ss-q-title"&gt;5 - Quais são os constrangimentos internos e externos para a implementação de uma solução?&lt;/div&gt;
&lt;div class="ss-q-help ss-secondary-text"&gt;Avaliar se há, por exemplo, as leis e regulamentos a considerar  , Parceiros , Competitores e Ameaca comercial&lt;/div&gt;
&lt;p&gt; &lt;/p&gt;
&lt;/div&gt;</mattext>
          </material>
          <response_str ident="response1" rcardinality="Single">
            <render_fib>
              <response_label ident="answer1" rshuffle="No"/>
            </render_fib>
          </response_str>
        </presentation>
        <resprocessing>
          <outcomes>
            <decvar maxvalue="100" minvalue="0" varname="SCORE" vartype="Decimal"/>
          </outcomes>
          <respcondition continue="No">
            <conditionvar>
              <other/>
            </conditionvar>
          </respcondition>
        </resprocessing>
      </item>
    </section>
  </assessment>
</questestinterop>
