<?xml version="1.0" encoding="UTF-8"?>
<quiz identifier="i9d58a9aa779b6e292472e3dc3c4f4a81" xmlns="http://canvas.instructure.com/xsd/cccv1p0" xmlns:xsi="http://www.w3.org/2001/XMLSchema-instance" xsi:schemaLocation="http://canvas.instructure.com/xsd/cccv1p0 http://canvas.instructure.com/xsd/cccv1p0.xsd">
  <title>Tarefa semana01 </title>
  <description>&lt;p&gt;h&lt;a href="https://docs.google.com/a/biomassa.eq.ufrn.br/spreadsheet/viewform?formkey=dC1lT1VzclNEelZwbEhyTnVSRVJfYUE6MA#gid=0"&gt;ttps://docs.google.com/a/biomassa.eq.ufrn.br/spreadsheet/viewform?formkey=dC1lT1VzclNEelZwbEhyTnVSRVJfYUE6MA#gid=0&lt;/a&gt;&lt;/p&gt;</description>
  <due_at>2013-03-14T02:59:00</due_at>
  <shuffle_answers>false</shuffle_answers>
  <scoring_policy>keep_highest</scoring_policy>
  <quiz_type>assignment</quiz_type>
  <points_possible>10.0</points_possible>
  <require_lockdown_browser>false</require_lockdown_browser>
  <require_lockdown_browser_for_results>false</require_lockdown_browser_for_results>
  <require_lockdown_browser_monitor>false</require_lockdown_browser_monitor>
  <lockdown_browser_monitor_data/>
  <show_correct_answers>true</show_correct_answers>
  <anonymous_submissions>false</anonymous_submissions>
  <could_be_locked>false</could_be_locked>
  <allowed_attempts>1</allowed_attempts>
  <one_question_at_a_time>false</one_question_at_a_time>
  <cant_go_back>false</cant_go_back>
  <available>true</available>
  <one_time_results>false</one_time_results>
  <show_correct_answers_last_attempt>false</show_correct_answers_last_attempt>
  <only_visible_to_overrides>false</only_visible_to_overrides>
  <module_locked>false</module_locked>
  <assignment identifier="i1ee58367e204b8e42743e7809e2525bb">
    <title>Tarefa semana01 </title>
    <due_at>2013-03-14T02:59:00</due_at>
    <lock_at/>
    <unlock_at/>
    <module_locked>false</module_locked>
    <all_day_date>2013-03-13</all_day_date>
    <peer_reviews_due_at>2013-03-14T02:59:00</peer_reviews_due_at>
    <workflow_state>published</workflow_state>
    <rubric_identifierref>ie7135841a3cb7c5b9283248acb5d50eb</rubric_identifierref>
    <rubric_use_for_grading>false</rubric_use_for_grading>
    <rubric_hide_score_total>false</rubric_hide_score_total>
    <assignment_overrides>
    </assignment_overrides>
    <quiz_identifierref>i9d58a9aa779b6e292472e3dc3c4f4a81</quiz_identifierref>
    <has_group_category>false</has_group_category>
    <points_possible>10.0</points_possible>
    <grading_type>points</grading_type>
    <all_day>false</all_day>
    <submission_types>online_quiz</submission_types>
    <position>1</position>
    <turnitin_enabled>false</turnitin_enabled>
    <vericite_enabled>false</vericite_enabled>
    <peer_review_count>0</peer_review_count>
    <peer_reviews>false</peer_reviews>
    <automatic_peer_reviews>false</automatic_peer_reviews>
    <moderated_grading>false</moderated_grading>
    <anonymous_peer_reviews>false</anonymous_peer_reviews>
    <grade_group_students_individually>false</grade_group_students_individually>
    <freeze_on_copy>false</freeze_on_copy>
    <muted>false</muted>
    <omit_from_final_grade>false</omit_from_final_grade>
    <intra_group_peer_reviews>false</intra_group_peer_reviews>
    <only_visible_to_overrides>false</only_visible_to_overrides>
  </assignment>
  <assignment_group_identifierref>ic0d636f938f068ae3759432d1315adbe</assignment_group_identifierref>
  <assignment_overrides>
  </assignment_overrides>
</quiz>
