<?xml version="1.0" encoding="UTF-8"?>
<questestinterop xmlns="http://www.imsglobal.org/xsd/ims_qtiasiv1p2" xmlns:xsi="http://www.w3.org/2001/XMLSchema-instance" xsi:schemaLocation="http://www.imsglobal.org/xsd/ims_qtiasiv1p2 http://www.imsglobal.org/xsd/ims_qtiasiv1p2p1.xsd">
  <assessment ident="i9d58a9aa779b6e292472e3dc3c4f4a81" title="Tarefa semana01 ">
    <qtimetadata>
      <qtimetadatafield>
        <fieldlabel>cc_maxattempts</fieldlabel>
        <fieldentry>1</fieldentry>
      </qtimetadatafield>
    </qtimetadata>
    <section ident="root_section">
      <item ident="ib92643b507cc4b8c991399d780377dd6" title="Pergunta">
        <itemmetadata>
          <qtimetadata>
            <qtimetadatafield>
              <fieldlabel>question_type</fieldlabel>
              <fieldentry>multiple_choice_question</fieldentry>
            </qtimetadatafield>
            <qtimetadatafield>
              <fieldlabel>points_possible</fieldlabel>
              <fieldentry>1.0</fieldentry>
            </qtimetadatafield>
            <qtimetadatafield>
              <fieldlabel>assessment_question_identifierref</fieldlabel>
              <fieldentry>i88647ba1a76469ad56ea52b6edee5feb</fieldentry>
            </qtimetadatafield>
          </qtimetadata>
        </itemmetadata>
        <presentation>
          <material>
            <mattext texttype="text/html">&lt;div&gt;&lt;p&gt;&lt;span style="color: #000000;"&gt;&lt;span style="font-family: 'Droid Serif',Georgia,'Times New Roman',serif; font-size: 13px; font-style: normal; font-variant: normal; font-weight: bold; line-height: 20.4688px; text-align: start; text-indent: 0px; white-space: normal; background-color: #ffffff; display: inline ! important; float: none;"&gt;1 .Biorefinaria do futuro tem que ter sustentabilidade com visão e missão&lt;/span&gt;?&lt;/span&gt;&lt;/p&gt;&lt;/div&gt;</mattext>
          </material>
          <response_lid ident="response1" rcardinality="Single">
            <render_choice>
              <response_label ident="4935">
                <material>
                  <mattext texttype="text/html">&lt;p&gt;1 . Tecnicamente menos complexo e possivel&lt;/p&gt;</mattext>
                </material>
              </response_label>
              <response_label ident="4988">
                <material>
                  <mattext texttype="text/plain">2 . Economicamente viável no mercado local.</mattext>
                </material>
              </response_label>
              <response_label ident="263">
                <material>
                  <mattext texttype="text/plain">3 . Ecologicamente correto de emissão zero</mattext>
                </material>
              </response_label>
              <response_label ident="4163">
                <material>
                  <mattext texttype="text/plain">4 . Socialmente justo desenvolvimento local</mattext>
                </material>
              </response_label>
              <response_label ident="1706">
                <material>
                  <mattext texttype="text/plain">5 . Todas acima</mattext>
                </material>
              </response_label>
            </render_choice>
          </response_lid>
        </presentation>
        <resprocessing>
          <outcomes>
            <decvar maxvalue="100" minvalue="0" varname="SCORE" vartype="Decimal"/>
          </outcomes>
          <respcondition continue="No">
            <conditionvar>
              <varequal respident="response1">1706</varequal>
            </conditionvar>
            <setvar action="Set" varname="SCORE">100</setvar>
            <displayfeedback feedbacktype="Response" linkrefid="correct_fb"/>
          </respcondition>
        </resprocessing>
        <itemfeedback ident="correct_fb">
          <flow_mat>
            <material>
              <mattext texttype="text/plain">Parabéns!</mattext>
            </material>
          </flow_mat>
        </itemfeedback>
      </item>
      <item ident="i4f7a8d4c3d23ee48c7ce724c85947c7f" title="Pergunta">
        <itemmetadata>
          <qtimetadata>
            <qtimetadatafield>
              <fieldlabel>question_type</fieldlabel>
              <fieldentry>multiple_choice_question</fieldentry>
            </qtimetadatafield>
            <qtimetadatafield>
              <fieldlabel>points_possible</fieldlabel>
              <fieldentry>1.0</fieldentry>
            </qtimetadatafield>
            <qtimetadatafield>
              <fieldlabel>assessment_question_identifierref</fieldlabel>
              <fieldentry>icd829e3dfc342c81a847e312d9013f78</fieldentry>
            </qtimetadatafield>
          </qtimetadata>
        </itemmetadata>
        <presentation>
          <material>
            <mattext texttype="text/html">&lt;div&gt;&lt;p&gt;2 Que produto do mercado desejado de Gestão de inovaão de Alimento e biorefinaria?&lt;/p&gt;&lt;/div&gt;</mattext>
          </material>
          <response_lid ident="response1" rcardinality="Single">
            <render_choice>
              <response_label ident="4098">
                <material>
                  <mattext texttype="text/plain">1 . Bioquerosene de aviacão, Jet fue</mattext>
                </material>
              </response_label>
              <response_label ident="4489">
                <material>
                  <mattext texttype="text/plain">2 . Bicombustivel aditivos</mattext>
                </material>
              </response_label>
              <response_label ident="9632">
                <material>
                  <mattext texttype="text/plain">3 . Bio gasolina e Biocoque</mattext>
                </material>
              </response_label>
              <response_label ident="7940">
                <material>
                  <mattext texttype="text/plain">4 . Biodiese</mattext>
                </material>
              </response_label>
              <response_label ident="5048">
                <material>
                  <mattext texttype="text/plain">5 . Todas acima</mattext>
                </material>
              </response_label>
            </render_choice>
          </response_lid>
        </presentation>
        <resprocessing>
          <outcomes>
            <decvar maxvalue="100" minvalue="0" varname="SCORE" vartype="Decimal"/>
          </outcomes>
          <respcondition continue="No">
            <conditionvar>
              <varequal respident="response1">5048</varequal>
            </conditionvar>
            <setvar action="Set" varname="SCORE">100</setvar>
            <displayfeedback feedbacktype="Response" linkrefid="correct_fb"/>
          </respcondition>
        </resprocessing>
        <itemfeedback ident="correct_fb">
          <flow_mat>
            <material>
              <mattext texttype="text/plain">aprovitamento integralde tudo componetes de materia prima sao importante  ter muito produto e coproduto , aumentando viabilidae economica de projeto</mattext>
            </material>
          </flow_mat>
        </itemfeedback>
      </item>
      <item ident="iaf3e29ac0a8f690a636a4e0f59c11f12" title="Pergunta">
        <itemmetadata>
          <qtimetadata>
            <qtimetadatafield>
              <fieldlabel>question_type</fieldlabel>
              <fieldentry>multiple_choice_question</fieldentry>
            </qtimetadatafield>
            <qtimetadatafield>
              <fieldlabel>points_possible</fieldlabel>
              <fieldentry>1.0</fieldentry>
            </qtimetadatafield>
            <qtimetadatafield>
              <fieldlabel>assessment_question_identifierref</fieldlabel>
              <fieldentry>i2ed0eaf2fad90083fdf994cf0cace184</fieldentry>
            </qtimetadatafield>
          </qtimetadata>
        </itemmetadata>
        <presentation>
          <material>
            <mattext texttype="text/html">&lt;div&gt;&lt;p&gt;&lt;span&gt;3 . O projeto de biorefinaria é muito complexo.Qual processo pode simplificar, e qual a importância para inovação, de acordo com trabalhos realizados. &lt;/span&gt;&lt;/p&gt;&lt;/div&gt;</mattext>
          </material>
          <response_lid ident="response1" rcardinality="Single">
            <render_choice>
              <response_label ident="8589">
                <material>
                  <mattext texttype="text/plain">1 . Hydrólise e esterificacão cataliticas</mattext>
                </material>
              </response_label>
              <response_label ident="2130">
                <material>
                  <mattext texttype="text/plain">2 . Gaseificação para syngas e Sintese FT</mattext>
                </material>
              </response_label>
              <response_label ident="3093">
                <material>
                  <mattext texttype="text/plain">3 . HydroCraqueamento (pirolise) +destilReat</mattext>
                </material>
              </response_label>
              <response_label ident="8006">
                <material>
                  <mattext texttype="text/plain">4 . Soja</mattext>
                </material>
              </response_label>
              <response_label ident="2067">
                <material>
                  <mattext texttype="text/plain">5 . Girassol</mattext>
                </material>
              </response_label>
            </render_choice>
          </response_lid>
        </presentation>
        <resprocessing>
          <outcomes>
            <decvar maxvalue="100" minvalue="0" varname="SCORE" vartype="Decimal"/>
          </outcomes>
          <respcondition continue="Yes">
            <conditionvar>
              <varequal respident="response1">3093</varequal>
            </conditionvar>
            <displayfeedback feedbacktype="Response" linkrefid="3093_fb"/>
          </respcondition>
          <respcondition continue="No">
            <conditionvar>
              <varequal respident="response1">3093</varequal>
            </conditionvar>
            <setvar action="Set" varname="SCORE">100</setvar>
          </respcondition>
        </resprocessing>
        <itemfeedback ident="3093_fb">
          <flow_mat>
            <material>
              <mattext texttype="text/plain">HydroCraqueamento (pirolise) +destilReat envolve menos equpamento  de sep produtos com co produtos veja fluxgrama simplificado de bloco de Prof.Dr.Expedito .Paranete</mattext>
            </material>
          </flow_mat>
        </itemfeedback>
      </item>
      <item ident="iceced3586349c69d0ba103a2efd87b71" title="Pergunta">
        <itemmetadata>
          <qtimetadata>
            <qtimetadatafield>
              <fieldlabel>question_type</fieldlabel>
              <fieldentry>multiple_choice_question</fieldentry>
            </qtimetadatafield>
            <qtimetadatafield>
              <fieldlabel>points_possible</fieldlabel>
              <fieldentry>1.0</fieldentry>
            </qtimetadatafield>
            <qtimetadatafield>
              <fieldlabel>assessment_question_identifierref</fieldlabel>
              <fieldentry>ic964d33af1b68839713ab67a5e5a476b</fieldentry>
            </qtimetadatafield>
          </qtimetadata>
        </itemmetadata>
        <presentation>
          <material>
            <mattext texttype="text/html">&lt;div&gt;&lt;p&gt;4. Que matéria prima é melhor para biorefinaria no Brasil?&lt;/p&gt;&lt;/div&gt;</mattext>
          </material>
          <response_lid ident="response1" rcardinality="Single">
            <render_choice>
              <response_label ident="5282">
                <material>
                  <mattext texttype="text/plain">1 . Micro e macro alga</mattext>
                </material>
              </response_label>
              <response_label ident="259">
                <material>
                  <mattext texttype="text/plain">2 . Lodo de esgoto</mattext>
                </material>
              </response_label>
              <response_label ident="3446">
                <material>
                  <mattext texttype="text/plain">3 . Residuos sólidos urbanos agricola</mattext>
                </material>
              </response_label>
              <response_label ident="9234">
                <material>
                  <mattext texttype="text/plain">4 . Soja</mattext>
                </material>
              </response_label>
              <response_label ident="4637">
                <material>
                  <mattext texttype="text/plain">5 . Girassol</mattext>
                </material>
              </response_label>
            </render_choice>
          </response_lid>
        </presentation>
        <resprocessing>
          <outcomes>
            <decvar maxvalue="100" minvalue="0" varname="SCORE" vartype="Decimal"/>
          </outcomes>
          <respcondition continue="Yes">
            <conditionvar>
              <varequal respident="response1">3446</varequal>
            </conditionvar>
            <displayfeedback feedbacktype="Response" linkrefid="3446_fb"/>
          </respcondition>
          <respcondition continue="No">
            <conditionvar>
              <varequal respident="response1">3446</varequal>
            </conditionvar>
            <setvar action="Set" varname="SCORE">100</setvar>
          </respcondition>
        </resprocessing>
        <itemfeedback ident="3446_fb">
          <flow_mat>
            <material>
              <mattext texttype="text/plain">Parabéns! Residuos sólidos urbanos agricola, pois nao de custo de materia prima alto , assim vaiabilizando economia.</mattext>
            </material>
          </flow_mat>
        </itemfeedback>
      </item>
      <item ident="iebf90244d9baa5af22947af26ae87b99" title="Pergunta">
        <itemmetadata>
          <qtimetadata>
            <qtimetadatafield>
              <fieldlabel>question_type</fieldlabel>
              <fieldentry>multiple_choice_question</fieldentry>
            </qtimetadatafield>
            <qtimetadatafield>
              <fieldlabel>points_possible</fieldlabel>
              <fieldentry>1.0</fieldentry>
            </qtimetadatafield>
            <qtimetadatafield>
              <fieldlabel>assessment_question_identifierref</fieldlabel>
              <fieldentry>i1ce9767b0a326bb19f7e5a9089cf567a</fieldentry>
            </qtimetadatafield>
          </qtimetadata>
        </itemmetadata>
        <presentation>
          <material>
            <mattext texttype="text/html">&lt;div&gt;&lt;p&gt;&lt;span&gt;5 O projeto de frutas cristalizadas, pode ser usado para fazer bebidas de xarope ,bebidas alcoólicas e bebidas. A tecnologia limpa de producão mais simples deve ser&lt;/span&gt;&lt;/p&gt;&lt;/div&gt;</mattext>
          </material>
          <response_lid ident="response1" rcardinality="Single">
            <render_choice>
              <response_label ident="8709">
                <material>
                  <mattext texttype="text/plain">1 1,Bebidas Natural usando xarope</mattext>
                </material>
              </response_label>
              <response_label ident="9061">
                <material>
                  <mattext texttype="text/plain">2 Bebidas alcoólicas</mattext>
                </material>
              </response_label>
              <response_label ident="4758">
                <material>
                  <mattext texttype="text/plain">3 Biocombustivel alcool</mattext>
                </material>
              </response_label>
            </render_choice>
          </response_lid>
        </presentation>
        <resprocessing>
          <outcomes>
            <decvar maxvalue="100" minvalue="0" varname="SCORE" vartype="Decimal"/>
          </outcomes>
          <respcondition continue="Yes">
            <conditionvar>
              <varequal respident="response1">9061</varequal>
            </conditionvar>
            <displayfeedback feedbacktype="Response" linkrefid="9061_fb"/>
          </respcondition>
          <respcondition continue="No">
            <conditionvar>
              <varequal respident="response1">9061</varequal>
            </conditionvar>
            <setvar action="Set" varname="SCORE">100</setvar>
          </respcondition>
        </resprocessing>
        <itemfeedback ident="9061_fb">
          <flow_mat>
            <material>
              <mattext texttype="text/plain">Parabéns! Efluentes de projeto pode ser trated paar fazer alcool pode ser melhor mas mais complexas.</mattext>
            </material>
          </flow_mat>
        </itemfeedback>
      </item>
      <item ident="i6c540a7abb07312bdd1a0716ce4d3845" title="Pergunta">
        <itemmetadata>
          <qtimetadata>
            <qtimetadatafield>
              <fieldlabel>question_type</fieldlabel>
              <fieldentry>multiple_choice_question</fieldentry>
            </qtimetadatafield>
            <qtimetadatafield>
              <fieldlabel>points_possible</fieldlabel>
              <fieldentry>1.0</fieldentry>
            </qtimetadatafield>
            <qtimetadatafield>
              <fieldlabel>assessment_question_identifierref</fieldlabel>
              <fieldentry>i00b750ae5248e910e9d01d79ff0cc0ff</fieldentry>
            </qtimetadatafield>
          </qtimetadata>
        </itemmetadata>
        <presentation>
          <material>
            <mattext texttype="text/html">&lt;div&gt;&lt;p&gt;6.O projeto para a comunidade rural qual dos itens insere o sócio ambiental utilizando na pequena indústria de alimentos, para viabilizar geracão de energia?&lt;/p&gt;&lt;/div&gt;</mattext>
          </material>
          <response_lid ident="response1" rcardinality="Single">
            <render_choice>
              <response_label ident="334">
                <material>
                  <mattext texttype="text/plain">1 .Álcool</mattext>
                </material>
              </response_label>
              <response_label ident="969">
                <material>
                  <mattext texttype="text/plain">2. Carvão de madeira</mattext>
                </material>
              </response_label>
              <response_label ident="4720">
                <material>
                  <mattext texttype="text/plain">3. Briquete de biomassa</mattext>
                </material>
              </response_label>
              <response_label ident="8487">
                <material>
                  <mattext texttype="text/plain">4 .Briquete de carvão</mattext>
                </material>
              </response_label>
            </render_choice>
          </response_lid>
        </presentation>
        <resprocessing>
          <outcomes>
            <decvar maxvalue="100" minvalue="0" varname="SCORE" vartype="Decimal"/>
          </outcomes>
          <respcondition continue="Yes">
            <conditionvar>
              <varequal respident="response1">8487</varequal>
            </conditionvar>
            <displayfeedback feedbacktype="Response" linkrefid="8487_fb"/>
          </respcondition>
          <respcondition continue="No">
            <conditionvar>
              <varequal respident="response1">8487</varequal>
            </conditionvar>
            <setvar action="Set" varname="SCORE">100</setvar>
          </respcondition>
        </resprocessing>
        <itemfeedback ident="8487_fb">
          <flow_mat>
            <material>
              <mattext texttype="text/plain">Parabéns! Pois menos fumaca em relacao de biomassa , carvao menos fumaca.</mattext>
            </material>
          </flow_mat>
        </itemfeedback>
      </item>
      <item ident="i59c9835f1555ee0ecd9fbd65c8412165" title="Pergunta">
        <itemmetadata>
          <qtimetadata>
            <qtimetadatafield>
              <fieldlabel>question_type</fieldlabel>
              <fieldentry>multiple_choice_question</fieldentry>
            </qtimetadatafield>
            <qtimetadatafield>
              <fieldlabel>points_possible</fieldlabel>
              <fieldentry>1.0</fieldentry>
            </qtimetadatafield>
            <qtimetadatafield>
              <fieldlabel>assessment_question_identifierref</fieldlabel>
              <fieldentry>i6719fdcae1d523cd88f1ad706705494d</fieldentry>
            </qtimetadatafield>
          </qtimetadata>
        </itemmetadata>
        <presentation>
          <material>
            <mattext texttype="text/html">&lt;div&gt;&lt;p&gt;7. O que biocoke, porque tem importância para comunidade rural como produto de briquete?&lt;/p&gt;&lt;/div&gt;</mattext>
          </material>
          <response_lid ident="response1" rcardinality="Single">
            <render_choice>
              <response_label ident="9163">
                <material>
                  <mattext texttype="text/plain">1 . Briquete de fuligens de carvão fino</mattext>
                </material>
              </response_label>
              <response_label ident="8348">
                <material>
                  <mattext texttype="text/plain">2 . Briquete de fuligens de carvão fino</mattext>
                </material>
              </response_label>
              <response_label ident="4437">
                <material>
                  <mattext texttype="text/plain">3. Briquete de biomassa</mattext>
                </material>
              </response_label>
              <response_label ident="2242">
                <material>
                  <mattext texttype="text/plain">4 .Briquete de carvão</mattext>
                </material>
              </response_label>
            </render_choice>
          </response_lid>
        </presentation>
        <resprocessing>
          <outcomes>
            <decvar maxvalue="100" minvalue="0" varname="SCORE" vartype="Decimal"/>
          </outcomes>
          <respcondition continue="Yes">
            <conditionvar>
              <varequal respident="response1">2242</varequal>
            </conditionvar>
            <displayfeedback feedbacktype="Response" linkrefid="2242_fb"/>
          </respcondition>
          <respcondition continue="No">
            <conditionvar>
              <varequal respident="response1">2242</varequal>
            </conditionvar>
            <setvar action="Set" varname="SCORE">100</setvar>
          </respcondition>
        </resprocessing>
        <itemfeedback ident="2242_fb">
          <flow_mat>
            <material>
              <mattext texttype="text/plain">Parabéns! Particula pequenas chamdo coke, que tradicialmente obtido como co produto de gasificcao de gasificao de coke paar produzir energia.</mattext>
            </material>
          </flow_mat>
        </itemfeedback>
      </item>
      <item ident="id778f8272258914edb641a98eab38d47" title="Pergunta">
        <itemmetadata>
          <qtimetadata>
            <qtimetadatafield>
              <fieldlabel>question_type</fieldlabel>
              <fieldentry>multiple_choice_question</fieldentry>
            </qtimetadatafield>
            <qtimetadatafield>
              <fieldlabel>points_possible</fieldlabel>
              <fieldentry>1.0</fieldentry>
            </qtimetadatafield>
            <qtimetadatafield>
              <fieldlabel>assessment_question_identifierref</fieldlabel>
              <fieldentry>i0e4d4572d9f117956dd64cb40dbf04a5</fieldentry>
            </qtimetadatafield>
          </qtimetadata>
        </itemmetadata>
        <presentation>
          <material>
            <mattext texttype="text/html">&lt;div&gt;&lt;p&gt;8. Fumaça é um problema na indústria de alimentos. O produto de alto valor que pode ser produzido via inovacao pode ser &lt;span class="ss-required-asterisk"&gt;.&lt;/span&gt;&lt;/p&gt;&lt;/div&gt;</mattext>
          </material>
          <response_lid ident="response1" rcardinality="Single">
            <render_choice>
              <response_label ident="4623">
                <material>
                  <mattext texttype="text/plain">1.. Bio óleo</mattext>
                </material>
              </response_label>
              <response_label ident="3142">
                <material>
                  <mattext texttype="text/plain">2 . .Biocoke</mattext>
                </material>
              </response_label>
              <response_label ident="5179">
                <material>
                  <mattext texttype="text/plain">3 . Todas item 1 e 2</mattext>
                </material>
              </response_label>
              <response_label ident="9945">
                <material>
                  <mattext texttype="text/plain">4 .Microalgas</mattext>
                </material>
              </response_label>
              <response_label ident="1249">
                <material>
                  <mattext texttype="text/plain">5 Item 3 e 4</mattext>
                </material>
              </response_label>
            </render_choice>
          </response_lid>
        </presentation>
        <resprocessing>
          <outcomes>
            <decvar maxvalue="100" minvalue="0" varname="SCORE" vartype="Decimal"/>
          </outcomes>
          <respcondition continue="Yes">
            <conditionvar>
              <varequal respident="response1">4623</varequal>
            </conditionvar>
            <displayfeedback feedbacktype="Response" linkrefid="4623_fb"/>
          </respcondition>
          <respcondition continue="No">
            <conditionvar>
              <varequal respident="response1">4623</varequal>
            </conditionvar>
            <setvar action="Set" varname="SCORE">100</setvar>
          </respcondition>
        </resprocessing>
        <itemfeedback ident="4623_fb">
          <flow_mat>
            <material>
              <mattext texttype="text/plain">Parabéns! pois defuma podemos obter liquido de fumacas, tambem conhecido  como bioqilido bio oleo pirolenhoso de produto de pirolise.</mattext>
            </material>
          </flow_mat>
        </itemfeedback>
      </item>
      <item ident="if6252fa43cad690931aadf298316d9e9" title="Pergunta">
        <itemmetadata>
          <qtimetadata>
            <qtimetadatafield>
              <fieldlabel>question_type</fieldlabel>
              <fieldentry>multiple_choice_question</fieldentry>
            </qtimetadatafield>
            <qtimetadatafield>
              <fieldlabel>points_possible</fieldlabel>
              <fieldentry>1.0</fieldentry>
            </qtimetadatafield>
            <qtimetadatafield>
              <fieldlabel>assessment_question_identifierref</fieldlabel>
              <fieldentry>ic42a5934e71a18991ebef972b5d5f436</fieldentry>
            </qtimetadatafield>
          </qtimetadata>
        </itemmetadata>
        <presentation>
          <material>
            <mattext texttype="text/html">&lt;div&gt;&lt;p&gt;9. A bio Economia do Brazil, o alimento custa X em relacao ao combustivel de 1 kg gasolina onde X pode ser:&lt;/p&gt;&lt;/div&gt;</mattext>
          </material>
          <response_lid ident="response1" rcardinality="Single">
            <render_choice>
              <response_label ident="8053">
                <material>
                  <mattext texttype="text/plain">1 . 1/1</mattext>
                </material>
              </response_label>
              <response_label ident="6120">
                <material>
                  <mattext texttype="text/plain">2 . 1/2</mattext>
                </material>
              </response_label>
              <response_label ident="5524">
                <material>
                  <mattext texttype="text/plain">3. 1/3</mattext>
                </material>
              </response_label>
              <response_label ident="4072">
                <material>
                  <mattext texttype="text/plain">4 . 1/4</mattext>
                </material>
              </response_label>
              <response_label ident="8728">
                <material>
                  <mattext texttype="text/plain">5 . 1/5</mattext>
                </material>
              </response_label>
            </render_choice>
          </response_lid>
        </presentation>
        <resprocessing>
          <outcomes>
            <decvar maxvalue="100" minvalue="0" varname="SCORE" vartype="Decimal"/>
          </outcomes>
          <respcondition continue="Yes">
            <conditionvar>
              <varequal respident="response1">6120</varequal>
            </conditionvar>
            <displayfeedback feedbacktype="Response" linkrefid="6120_fb"/>
          </respcondition>
          <respcondition continue="No">
            <conditionvar>
              <varequal respident="response1">6120</varequal>
            </conditionvar>
            <setvar action="Set" varname="SCORE">100</setvar>
          </respcondition>
        </resprocessing>
        <itemfeedback ident="6120_fb">
          <flow_mat>
            <material>
              <mattext texttype="text/plain">Parabéns! Para uam soceidade mais sustenavel, comida deve ser menos precos
nas em Brazil.</mattext>
            </material>
          </flow_mat>
        </itemfeedback>
      </item>
      <item ident="if72562f0a66c824ab8e54e5caa4e2a33" title="Pergunta">
        <itemmetadata>
          <qtimetadata>
            <qtimetadatafield>
              <fieldlabel>question_type</fieldlabel>
              <fieldentry>multiple_choice_question</fieldentry>
            </qtimetadatafield>
            <qtimetadatafield>
              <fieldlabel>points_possible</fieldlabel>
              <fieldentry>1.0</fieldentry>
            </qtimetadatafield>
            <qtimetadatafield>
              <fieldlabel>assessment_question_identifierref</fieldlabel>
              <fieldentry>ib4baf36e6063dee2deb344e2c8fae5a9</fieldentry>
            </qtimetadatafield>
          </qtimetadata>
        </itemmetadata>
        <presentation>
          <material>
            <mattext texttype="text/html">&lt;div&gt;&lt;p&gt;&lt;br&gt;10. Qual energia mais limpa que deve ser utilizada na pequena indústria de alimento em área rural em todo mundo? &lt;/p&gt;&lt;/div&gt;</mattext>
          </material>
          <response_lid ident="response1" rcardinality="Single">
            <render_choice>
              <response_label ident="8267">
                <material>
                  <mattext texttype="text/plain">1 Gás de cozinha</mattext>
                </material>
              </response_label>
              <response_label ident="2382">
                <material>
                  <mattext texttype="text/plain">2 Gás Natural</mattext>
                </material>
              </response_label>
              <response_label ident="3869">
                <material>
                  <mattext texttype="text/plain">3. Carvão</mattext>
                </material>
              </response_label>
              <response_label ident="9797">
                <material>
                  <mattext texttype="text/plain">4. Lenha</mattext>
                </material>
              </response_label>
            </render_choice>
          </response_lid>
        </presentation>
        <resprocessing>
          <outcomes>
            <decvar maxvalue="100" minvalue="0" varname="SCORE" vartype="Decimal"/>
          </outcomes>
          <respcondition continue="Yes">
            <conditionvar>
              <varequal respident="response1">9797</varequal>
            </conditionvar>
            <displayfeedback feedbacktype="Response" linkrefid="9797_fb"/>
          </respcondition>
          <respcondition continue="No">
            <conditionvar>
              <varequal respident="response1">9797</varequal>
            </conditionvar>
            <setvar action="Set" varname="SCORE">100</setvar>
          </respcondition>
        </resprocessing>
        <itemfeedback ident="9797_fb">
          <flow_mat>
            <material>
              <mattext texttype="text/plain">Parabéns!</mattext>
            </material>
          </flow_mat>
        </itemfeedback>
      </item>
    </section>
  </assessment>
</questestinterop>
