<?xml version="1.0" encoding="UTF-8"?>
<quiz identifier="i4b728a3fbc59a9e823140c419c12d93c" xmlns="http://canvas.instructure.com/xsd/cccv1p0" xmlns:xsi="http://www.w3.org/2001/XMLSchema-instance" xsi:schemaLocation="http://canvas.instructure.com/xsd/cccv1p0 http://canvas.instructure.com/xsd/cccv1p0.xsd">
  <title>Apresentacao de projetos </title>
  <description>&lt;p&gt;Apresentacao  de  projetos &lt;/p&gt;</description>
  <lock_at>2013-04-11T05:59:00</lock_at>
  <unlock_at>2013-04-07T06:00:00</unlock_at>
  <due_at>2013-04-18T05:59:00</due_at>
  <shuffle_answers>true</shuffle_answers>
  <scoring_policy>keep_highest</scoring_policy>
  <quiz_type>assignment</quiz_type>
  <points_possible>0.0</points_possible>
  <require_lockdown_browser>false</require_lockdown_browser>
  <require_lockdown_browser_for_results>false</require_lockdown_browser_for_results>
  <require_lockdown_browser_monitor>false</require_lockdown_browser_monitor>
  <lockdown_browser_monitor_data/>
  <show_correct_answers>true</show_correct_answers>
  <anonymous_submissions>false</anonymous_submissions>
  <could_be_locked>false</could_be_locked>
  <allowed_attempts>-1</allowed_attempts>
  <one_question_at_a_time>false</one_question_at_a_time>
  <cant_go_back>false</cant_go_back>
  <available>true</available>
  <one_time_results>false</one_time_results>
  <show_correct_answers_last_attempt>false</show_correct_answers_last_attempt>
  <only_visible_to_overrides>false</only_visible_to_overrides>
  <module_locked>false</module_locked>
  <assignment identifier="i2998cc23abd7d4ce5b10f666d520dbfc">
    <title>Apresentacao de projetos </title>
    <due_at>2013-04-18T05:59:00</due_at>
    <lock_at>2013-04-11T05:59:00</lock_at>
    <unlock_at>2013-04-07T06:00:00</unlock_at>
    <module_locked>false</module_locked>
    <all_day_date>2013-04-17</all_day_date>
    <peer_reviews_due_at>2013-04-18T05:59:00</peer_reviews_due_at>
    <workflow_state>published</workflow_state>
    <assignment_overrides>
    </assignment_overrides>
    <quiz_identifierref>i4b728a3fbc59a9e823140c419c12d93c</quiz_identifierref>
    <has_group_category>false</has_group_category>
    <points_possible>0.0</points_possible>
    <grading_type>points</grading_type>
    <all_day>true</all_day>
    <submission_types>online_quiz</submission_types>
    <position>2</position>
    <turnitin_enabled>false</turnitin_enabled>
    <vericite_enabled>false</vericite_enabled>
    <peer_review_count>0</peer_review_count>
    <peer_reviews>false</peer_reviews>
    <automatic_peer_reviews>false</automatic_peer_reviews>
    <moderated_grading>false</moderated_grading>
    <anonymous_peer_reviews>false</anonymous_peer_reviews>
    <grade_group_students_individually>false</grade_group_students_individually>
    <freeze_on_copy>false</freeze_on_copy>
    <muted>false</muted>
    <omit_from_final_grade>false</omit_from_final_grade>
    <intra_group_peer_reviews>false</intra_group_peer_reviews>
    <only_visible_to_overrides>false</only_visible_to_overrides>
  </assignment>
  <assignment_group_identifierref>icf08918250bb9dd8b8d160a095ce76d2</assignment_group_identifierref>
  <assignment_overrides>
  </assignment_overrides>
</quiz>
