<?xml version="1.0" encoding="UTF-8"?>
<quiz identifier="ie7f922d368fa640a0bfd6c6d91b957c3" xmlns="http://canvas.instructure.com/xsd/cccv1p0" xmlns:xsi="http://www.w3.org/2001/XMLSchema-instance" xsi:schemaLocation="http://canvas.instructure.com/xsd/cccv1p0 http://canvas.instructure.com/xsd/cccv1p0.xsd">
  <title>Prova 1 objetivo em sala  e Resumo de Redacao</title>
  <description>&lt;p&gt;Prova&lt;/p&gt;
&lt;p&gt;1a Availacao  de GTE&lt;/p&gt;
&lt;p&gt;  Q2. Realizar um resumo (Redacao) do Projeto de plano de mini empresa de gestão e inovacao de tecnologia limpas com objetivo econômico  ( Pode consultar  trabalho de projeto e apresentação realizados por voce )  : 1 houra&lt;/p&gt;
&lt;p&gt;Q1. Prova objetivo de todas topicos de contudo de 1a unidade de GTE (prova sem consulta)&lt;/p&gt;
&lt;p&gt;Para ler prova  alterna pagina &lt;a id="" class=" instructure_file_link" title="SISTEMA de GESTÃO AMBIENTAL e TECNOLOGIA VERDE.htm" href="%24IMS-CC-FILEBASE%24/SISTEMA%20de%20GEST%C3%83O%20AMBIENTAL%20e%20TECNOLOGIA%20VERDE.htm?canvas_download=1&amp;amp;canvas_qs_wrap=1"&gt;SISTEMA de GESTÃO AMBIENTAL e TECNOLOGIA VERDE.htm&lt;/a&gt;&lt;/p&gt;
&lt;p&gt;&lt;a id="" class=" instructure_file_link" title="SISTEMA de GESTÃO AMBIENTAL e TECNOLOGIA VERDE.htm" href="http://SISTEMA%20de%20GEST%C3%83O%20AMBIENTAL%20e%20TECNOLOGIA%20VERDE.htm"&gt; &lt;/a&gt;&lt;/p&gt;
&lt;p&gt;&lt;br&gt;Aos leituras &lt;/p&gt;
&lt;p&gt;Digitar   seu respostas  Gabritos  em  item outros ,  e  usa verificar em prova HTml ,  anotar  tambem nota obtido de cada items&lt;/p&gt;
&lt;p&gt;Gabrito&lt;/p&gt;
&lt;p&gt;&lt;a href="%24CANVAS_COURSE_REFERENCE%24/modules/items/i3e5dcfc557bafa61b75e86f9b6039668"&gt;https://canvas.instructure.com$CANVAS_COURSE_REFERENCE$/modules/items/i3e5dcfc557bafa61b75e86f9b6039668&lt;/a&gt;&lt;/p&gt;
&lt;p&gt;Resultados&lt;/p&gt;
&lt;p&gt; &lt;/p&gt;
&lt;p&gt;Apos feito prova de  HTml  e java script  online ,   as notas  de provas podem    ser obtidas, (veja  Comando verificar  no final  da prova). Assim, e possivel obter a nota de sua resposta  certa online. Tendo em vista o programam poder reduzir sua nota se houver muitas tentativas, bom voce evitar tentar repetidamente. Nao esquecer de salvar a prova realizada em html . Salvar na pagina web em navegador em sua pasta do google drive.&lt;/p&gt;
&lt;p&gt; &lt;/p&gt;
&lt;p&gt; Apos fazer a prova, nao esquecer de enviar  os formulários do google das suas respostas e a nota obtida em cada item&lt;/p&gt;
&lt;p&gt; &lt;/p&gt;
&lt;p&gt;Observação importante  sobre entrada de dados do Gabarito.  &lt;/p&gt;
&lt;p&gt;1.Realizar a prova&lt;/p&gt;
&lt;p&gt;2. enviar formulario de resposta indicando a, b e c. &lt;/p&gt;
&lt;p&gt;3. Usando o mesmo formulario indicar no item ¬outros¬ do gabarito.&lt;/p&gt;
&lt;p&gt; &lt;/p&gt;
&lt;p&gt; &lt;/p&gt;
&lt;p&gt; &lt;/p&gt;
&lt;p&gt; &lt;/p&gt;
&lt;p&gt; &lt;/p&gt;</description>
  <lock_at>2013-04-05T06:50:00</lock_at>
  <unlock_at>2013-04-04T16:40:00</unlock_at>
  <due_at>2013-04-10T06:45:00</due_at>
  <shuffle_answers>true</shuffle_answers>
  <scoring_policy>keep_highest</scoring_policy>
  <quiz_type>practice_quiz</quiz_type>
  <points_possible>2.0</points_possible>
  <require_lockdown_browser>false</require_lockdown_browser>
  <require_lockdown_browser_for_results>false</require_lockdown_browser_for_results>
  <require_lockdown_browser_monitor>false</require_lockdown_browser_monitor>
  <lockdown_browser_monitor_data/>
  <show_correct_answers>true</show_correct_answers>
  <anonymous_submissions>false</anonymous_submissions>
  <could_be_locked>false</could_be_locked>
  <time_limit>25</time_limit>
  <allowed_attempts>1</allowed_attempts>
  <one_question_at_a_time>true</one_question_at_a_time>
  <cant_go_back>false</cant_go_back>
  <available>true</available>
  <one_time_results>false</one_time_results>
  <show_correct_answers_last_attempt>false</show_correct_answers_last_attempt>
  <only_visible_to_overrides>false</only_visible_to_overrides>
  <module_locked>false</module_locked>
  <assignment_group_identifierref>i74a1bc445f9b2028085514a57e25b235</assignment_group_identifierref>
  <assignment_overrides>
  </assignment_overrides>
</quiz>
